user_id,city,spent_money,year,month,bought_products,viewed_products,spent_money_next_month
233,Radom,0,2020,10,0,0,2340.09
235,Wrocław,346.8,2020,10,2,5,700.332
246,Radom,71.91,2020,10,1,8,208.25
247,Poznań,0,2020,10,0,2,1024.25
248,Kraków,196.964,2020,10,1,1,5338.36
249,Radom,0,2020,10,0,0,103.55
252,Szczecin,0,2020,10,0,0,2039.15
254,Kraków,0,2020,10,0,1,2036.95
260,Gdynia,0,2020,10,0,1,5126
261,Radom,0,2020,10,0,0,6225.2
262,Warszawa,78.8405,2020,10,1,9,1351.3
263,Radom,0,2020,10,0,2,467.891
265,Poznań,0,2020,10,0,0,839.612
266,Warszawa,0,2020,10,0,0,2238.66
267,Kraków,98.1,2020,10,1,3,322.966
268,Warszawa,0,2020,10,0,0,47.405
274,Radom,0,2020,10,0,0,32.215
276,Warszawa,0,2020,10,0,0,1979.91
285,Wrocław,0,2020,10,0,2,1538.98
289,Wrocław,0,2020,10,0,0,366.67
290,Radom,0,2020,10,0,0,5376.46
292,Wrocław,99.99,2020,10,1,1,470.05
295,Kraków,0,2020,10,0,0,56.9905
233,Radom,2340.09,2020,11,3,17,11.992
235,Wrocław,700.332,2020,11,3,11,286.954
244,Szczecin,0,2020,11,0,0,101.15
246,Radom,208.25,2020,11,1,11,47.176
247,Poznań,1024.25,2020,11,2,25,5014.07
248,Kraków,5338.36,2020,11,2,13,5167.69
249,Radom,103.55,2020,11,1,1,0
252,Szczecin,2039.15,2020,11,1,8,553
254,Kraków,2036.95,2020,11,3,11,445.148
260,Gdynia,5126,2020,11,1,3,0
261,Radom,6225.2,2020,11,4,7,5222.42
262,Warszawa,1351.3,2020,11,3,27,2281.1
263,Radom,467.891,2020,11,2,15,590.692
265,Poznań,839.612,2020,11,5,26,1846.42
266,Warszawa,2238.66,2020,11,5,18,242.091
267,Kraków,322.966,2020,11,2,10,1222
268,Warszawa,47.405,2020,11,1,11,245
274,Radom,32.215,2020,11,2,16,553
276,Warszawa,1979.91,2020,11,1,11,56.0215
278,Poznań,0,2020,11,0,3,0
285,Wrocław,1538.98,2020,11,2,6,0
289,Wrocław,366.67,2020,11,3,8,1093.38
290,Radom,5376.46,2020,11,7,37,3120.87
292,Wrocław,470.05,2020,11,1,17,0
295,Kraków,56.9905,2020,11,1,18,3021.6
300,Radom,0,2020,11,0,8,56.0215
129,Gdynia,0,2020,12,0,0,1726.12
143,Radom,0,2020,12,0,0,553
145,Szczecin,0,2020,12,0,0,173.7
197,Wrocław,0,2020,12,0,0,465.51
204,Wrocław,0,2020,12,0,0,442.4
233,Radom,11.992,2020,12,1,6,1296.56
235,Wrocław,286.954,2020,12,2,20,2645.15
242,Warszawa,0,2020,12,0,0,1250.64
244,Szczecin,101.15,2020,12,1,9,0
246,Radom,47.176,2020,12,1,5,2317.02
247,Poznań,5014.07,2020,12,4,15,82.99
248,Kraków,5167.69,2020,12,3,28,1334.46
249,Radom,0,2020,12,0,0,28.0415
251,Wrocław,0,2020,12,0,0,99.99
252,Szczecin,553,2020,12,1,3,35.992
254,Kraków,445.148,2020,12,4,46,1673.39
257,Wrocław,0,2020,12,0,0,1638.8
261,Radom,5222.42,2020,12,4,17,998.153
262,Warszawa,2281.1,2020,12,5,33,251.97
263,Radom,590.692,2020,12,3,24,5664.39
265,Poznań,1846.42,2020,12,3,17,679.69
266,Warszawa,242.091,2020,12,2,27,3011.07
267,Kraków,1222,2020,12,4,22,0
268,Warszawa,245,2020,12,1,14,1994
274,Radom,553,2020,12,1,9,0
276,Warszawa,56.0215,2020,12,1,1,6556.27
278,Poznań,0,2020,12,1,5,2893.74
282,Wrocław,0,2020,12,0,0,2807.8
285,Wrocław,0,2020,12,0,2,1696.29
289,Wrocław,1093.38,2020,12,2,9,0
290,Radom,3120.87,2020,12,3,23,2465.96
292,Wrocław,0,2020,12,0,12,29.691
295,Kraków,3021.6,2020,12,1,10,2177.97
298,Szczecin,0,2020,12,0,0,631.9
300,Radom,56.0215,2020,12,1,14,183.35
102,Gdynia,0,2021,1,0,9,533.612
123,Warszawa,0,2021,1,0,0,94.9905
125,Szczecin,0,2021,1,0,0,14.2405
127,Warszawa,0,2021,1,0,0,4996.05
128,Szczecin,0,2021,1,0,12,149.91
129,Gdynia,1726.12,2021,1,1,18,87.2
135,Gdynia,0,2021,1,0,0,2249.39
136,Poznań,0,2021,1,0,10,9179.96
143,Radom,553,2021,1,1,1,470.05
145,Szczecin,173.7,2021,1,1,4,0
158,Poznań,0,2021,1,0,0,189
171,Kraków,0,2021,1,0,0,50.1245
177,Warszawa,0,2021,1,0,14,639
179,Radom,0,2021,1,0,0,726.137
184,Szczecin,0,2021,1,0,0,3723.53
187,Gdynia,0,2021,1,0,0,144.98
189,Poznań,0,2021,1,0,0,279.2
190,Kraków,0,2021,1,0,13,1869.91
191,Gdynia,0,2021,1,0,0,99.99
193,Radom,0,2021,1,0,0,6875.1
197,Wrocław,465.51,2021,1,3,11,47.4905
198,Poznań,0,2021,1,0,0,115.742
204,Wrocław,442.4,2021,1,1,10,497.7
209,Gdynia,0,2021,1,0,0,173.544
233,Radom,1296.56,2021,1,5,11,26.392
235,Wrocław,2645.15,2021,1,7,35,4244.23
239,Kraków,0,2021,1,0,0,2218.47
242,Warszawa,1250.64,2021,1,3,22,50.1245
244,Szczecin,0,2021,1,0,0,185.3
246,Radom,2317.02,2021,1,1,2,0
247,Poznań,82.99,2021,1,1,5,0
248,Kraków,1334.46,2021,1,3,26,553
249,Radom,28.0415,2021,1,1,5,0
251,Wrocław,99.99,2021,1,1,1,0
252,Szczecin,35.992,2021,1,2,13,2324.96
254,Kraków,1673.39,2021,1,3,14,2643.63
257,Wrocław,1638.8,2021,1,1,8,2634.21
261,Radom,998.153,2021,1,6,29,2422.31
262,Warszawa,251.97,2021,1,2,12,5467.1
263,Radom,5664.39,2021,1,5,59,201.137
264,Radom,0,2021,1,0,0,313.69
265,Poznań,679.69,2021,1,4,18,1025.05
266,Warszawa,3011.07,2021,1,4,13,2297.77
267,Kraków,0,2021,1,0,5,56.9905
268,Warszawa,1994,2021,1,3,6,94.9905
270,Szczecin,0,2021,1,0,13,5555.31
274,Radom,0,2021,1,0,0,52.2405
276,Warszawa,6556.27,2021,1,2,2,89.991
278,Poznań,2893.74,2021,1,3,15,207.23
282,Wrocław,2807.8,2021,1,4,21,1108.37
285,Wrocław,1696.29,2021,1,4,24,525.35
289,Wrocław,0,2021,1,0,6,94.9905
290,Radom,2465.96,2021,1,3,17,0
292,Wrocław,29.691,2021,1,1,6,238.5
295,Kraków,2177.97,2021,1,2,14,171.389
296,Wrocław,0,2021,1,0,2,14.2405
298,Szczecin,631.9,2021,1,2,3,1510.09
300,Radom,183.35,2021,1,1,3,3456.24
102,Gdynia,533.612,2021,2,4,32,5272.23
111,Szczecin,0,2021,2,0,0,539.802
114,Warszawa,0,2021,2,0,0,101.15
117,Warszawa,0,2021,2,0,0,4368.1
120,Wrocław,0,2021,2,0,0,497.7
123,Warszawa,94.9905,2021,2,1,1,0
125,Szczecin,14.2405,2021,2,1,3,108.992
127,Warszawa,4996.05,2021,2,1,6,5257.4
128,Szczecin,149.91,2021,2,2,27,797.52
129,Gdynia,87.2,2021,2,1,11,254.771
135,Gdynia,2249.39,2021,2,2,3,0
136,Poznań,9179.96,2021,2,6,35,220.5
143,Radom,470.05,2021,2,1,5,2002.6
144,Warszawa,0,2021,2,0,1,51.84
145,Szczecin,0,2021,2,0,4,0
150,Kraków,0,2021,2,0,9,0
158,Poznań,189,2021,2,1,5,2316
169,Wrocław,0,2021,2,0,0,92.65
171,Kraków,50.1245,2021,2,1,7,863.2
177,Warszawa,639,2021,2,1,20,0
179,Radom,726.137,2021,2,4,5,627.857
184,Szczecin,3723.53,2021,2,2,11,821.981
187,Gdynia,144.98,2021,2,2,3,103.55
189,Poznań,279.2,2021,2,1,6,553
190,Kraków,1869.91,2021,2,1,8,184.056
191,Gdynia,99.99,2021,2,1,1,7486.46
193,Radom,6875.1,2021,2,1,3,1979.91
197,Wrocław,47.4905,2021,2,1,12,0
198,Poznań,115.742,2021,2,2,4,1600.74
204,Wrocław,497.7,2021,2,1,20,2347.18
209,Gdynia,173.544,2021,2,3,10,2290.02
216,Warszawa,0,2021,2,0,0,970.1
219,Gdynia,0,2021,2,0,0,254.15
233,Radom,26.392,2021,2,1,17,2898.7
235,Wrocław,4244.23,2021,2,5,17,156.273
239,Kraków,2218.47,2021,2,2,17,1917.09
242,Warszawa,50.1245,2021,2,1,4,1280.25
244,Szczecin,185.3,2021,2,2,4,0
246,Radom,0,2021,2,0,4,1662.53
247,Poznań,0,2021,2,0,7,666.05
248,Kraków,553,2021,2,1,7,28.0415
251,Wrocław,0,2021,2,0,3,3399.3
252,Szczecin,2324.96,2021,2,3,14,3101.59
253,Wrocław,0,2021,2,0,1,58.65
254,Kraków,2643.63,2021,2,3,29,2419.75
256,Szczecin,0,2021,2,0,0,5331.88
257,Wrocław,2634.21,2021,2,3,13,1110.91
258,Kraków,0,2021,2,0,13,0
260,Gdynia,0,2021,2,0,0,442.4
261,Radom,2422.31,2021,2,2,3,78.9
262,Warszawa,5467.1,2021,2,4,20,7812.09
263,Radom,201.137,2021,2,3,21,808.62
264,Radom,313.69,2021,2,2,6,71.01
265,Poznań,1025.05,2021,2,2,6,1078.13
266,Warszawa,2297.77,2021,2,5,40,2363.95
267,Kraków,56.9905,2021,2,1,11,1303.96
268,Warszawa,94.9905,2021,2,1,2,4910
269,Poznań,0,2021,2,0,0,56.0215
270,Szczecin,5555.31,2021,2,3,26,701.943
272,Wrocław,0,2021,2,0,8,628.15
274,Radom,52.2405,2021,2,1,12,183.35
276,Warszawa,89.991,2021,2,1,2,0
277,Radom,0,2021,2,0,0,143.935
278,Poznań,207.23,2021,2,3,8,2548.74
280,Poznań,0,2021,2,0,0,74.955
281,Gdynia,0,2021,2,0,4,0
282,Wrocław,1108.37,2021,2,1,23,0
285,Wrocław,525.35,2021,2,1,4,470.05
288,Gdynia,0,2021,2,0,0,66.564
289,Wrocław,94.9905,2021,2,1,1,4175.94
290,Radom,0,2021,2,0,11,7375.64
292,Wrocław,238.5,2021,2,2,6,181.52
295,Kraków,171.389,2021,2,3,14,377.563
296,Wrocław,14.2405,2021,2,1,22,606.133
297,Gdynia,0,2021,2,0,0,428.349
298,Szczecin,1510.09,2021,2,5,36,463.047
300,Radom,3456.24,2021,2,3,15,1987.54
102,Gdynia,5272.23,2021,3,9,47,2050.14
110,Warszawa,0,2021,3,0,4,164.05
111,Szczecin,539.802,2021,3,3,18,246.062
114,Warszawa,101.15,2021,3,1,4,58.32
117,Warszawa,4368.1,2021,3,1,27,150.191
120,Wrocław,497.7,2021,3,1,28,44.91
121,Kraków,0,2021,3,0,0,359.1
122,Szczecin,0,2021,3,0,0,118.992
125,Szczecin,108.992,2021,3,2,18,34.32
127,Warszawa,5257.4,2021,3,5,16,992.442
128,Szczecin,797.52,2021,3,2,18,6719.74
129,Gdynia,254.771,2021,3,3,9,1598.51
131,Kraków,0,2021,3,0,2,470.05
135,Gdynia,0,2021,3,0,5,2348.92
136,Poznań,220.5,2021,3,1,6,2582.09
140,Wrocław,0,2021,3,0,0,242.32
143,Radom,2002.6,2021,3,4,21,207.22
144,Warszawa,51.84,2021,3,1,15,0
145,Szczecin,0,2021,3,0,5,0
147,Gdynia,0,2021,3,0,0,168.311
150,Kraków,0,2021,3,0,17,2436.87
158,Poznań,2316,2021,3,2,8,0
161,Gdynia,0,2021,3,0,12,0
162,Radom,0,2021,3,0,0,113.05
167,Warszawa,0,2021,3,0,0,154.4
169,Wrocław,92.65,2021,3,1,7,1869.91
171,Kraków,863.2,2021,3,1,10,0
173,Szczecin,0,2021,3,0,0,42.415
174,Gdynia,0,2021,3,0,0,64.8
177,Warszawa,0,2021,3,0,13,0
179,Radom,627.857,2021,3,4,49,2482.13
184,Szczecin,821.981,2021,3,4,14,2505.26
187,Gdynia,103.55,2021,3,1,9,14.99
189,Poznań,553,2021,3,1,1,53.073
190,Kraków,184.056,2021,3,2,28,1712.92
191,Gdynia,7486.46,2021,3,7,52,586.6
193,Radom,1979.91,2021,3,1,4,52.003
197,Wrocław,0,2021,3,0,18,0
198,Poznań,1600.74,2021,3,3,10,0
204,Wrocław,2347.18,2021,3,2,25,1505.28
206,Wrocław,0,2021,3,0,0,372.3
209,Gdynia,2290.02,2021,3,3,25,319.095
211,Szczecin,0,2021,3,0,0,618
214,Radom,0,2021,3,0,0,103.55
216,Warszawa,970.1,2021,3,3,24,44.991
219,Gdynia,254.15,2021,3,1,2,1207.96
223,Kraków,0,2021,3,0,0,2041.46
224,Poznań,0,2021,3,0,0,2357.37
225,Szczecin,0,2021,3,0,0,58.97
228,Wrocław,0,2021,3,0,4,318.411
233,Radom,2898.7,2021,3,3,5,3075.53
234,Gdynia,0,2021,3,0,2,236.874
235,Wrocław,156.273,2021,3,2,33,3995.74
239,Kraków,1917.09,2021,3,2,3,1005.31
240,Wrocław,0,2021,3,0,0,94.9905
241,Gdynia,0,2021,3,0,4,2606.26
242,Warszawa,1280.25,2021,3,3,30,2215.38
243,Gdynia,0,2021,3,0,0,165.864
244,Szczecin,0,2021,3,0,0,78.9
245,Radom,0,2021,3,0,0,99.99
246,Radom,1662.53,2021,3,4,6,1792.13
247,Poznań,666.05,2021,3,2,2,322
248,Kraków,28.0415,2021,3,1,14,0
249,Radom,0,2021,3,0,0,1477.66
251,Wrocław,3399.3,2021,3,1,13,442.4
252,Szczecin,3101.59,2021,3,2,15,213.896
253,Wrocław,58.65,2021,3,1,9,256.7
254,Kraków,2419.75,2021,3,6,50,3876.18
256,Szczecin,5331.88,2021,3,3,29,5716.88
257,Wrocław,1110.91,2021,3,6,34,10121.2
258,Kraków,0,2021,3,0,6,56.0215
260,Gdynia,442.4,2021,3,2,3,0
261,Radom,78.9,2021,3,1,5,2328.34
262,Warszawa,7812.09,2021,3,3,7,3151.31
263,Radom,808.62,2021,3,7,30,1753.52
264,Radom,71.01,2021,3,1,2,169.983
265,Poznań,1078.13,2021,3,5,18,319.2
266,Warszawa,2363.95,2021,3,2,15,7763.55
267,Kraków,1303.96,2021,3,1,4,207.33
268,Warszawa,4910,2021,3,3,30,5793.57
269,Poznań,56.0215,2021,3,1,6,231.903
270,Szczecin,701.943,2021,3,5,13,768.2
272,Wrocław,628.15,2021,3,1,9,0
274,Radom,183.35,2021,3,1,1,106.982
276,Warszawa,0,2021,3,0,0,489.576
277,Radom,143.935,2021,3,2,34,2754.14
278,Poznań,2548.74,2021,3,5,26,166.96
280,Poznań,74.955,2021,3,1,11,2829.73
281,Gdynia,0,2021,3,0,2,0
282,Wrocław,0,2021,3,0,11,537.132
285,Wrocław,470.05,2021,3,1,17,1946.07
288,Gdynia,66.564,2021,3,2,9,47.176
289,Wrocław,4175.94,2021,3,5,39,1869.91
290,Radom,7375.64,2021,3,6,26,1759.73
292,Wrocław,181.52,2021,3,2,18,470.05
295,Kraków,377.563,2021,3,3,22,276.897
296,Wrocław,606.133,2021,3,3,21,163.329
297,Gdynia,428.349,2021,3,4,15,648.132
298,Szczecin,463.047,2021,3,4,11,4056.37
300,Radom,1987.54,2021,3,5,12,2199.9
102,Gdynia,2050.14,2021,4,5,9,7927.77
109,Wrocław,0,2021,4,0,0,249
110,Warszawa,164.05,2021,4,1,2,3588.15
111,Szczecin,246.062,2021,4,3,16,4891.31
112,Radom,0,2021,4,0,0,178.435
114,Warszawa,58.32,2021,4,1,2,2199.9
117,Warszawa,150.191,2021,4,2,24,9916.19
120,Wrocław,44.91,2021,4,1,11,470.05
121,Kraków,359.1,2021,4,1,5,5216.55
122,Szczecin,118.992,2021,4,1,22,0
125,Szczecin,34.32,2021,4,1,9,479.14
127,Warszawa,992.442,2021,4,3,30,1707.61
128,Szczecin,6719.74,2021,4,3,27,2261.67
129,Gdynia,1598.51,2021,4,1,14,3029
130,Szczecin,0,2021,4,0,0,718.864
131,Kraków,470.05,2021,4,1,1,0
133,Radom,0,2021,4,0,0,1726.12
135,Gdynia,2348.92,2021,4,3,7,0
136,Poznań,2582.09,2021,4,6,45,4700.6
139,Warszawa,0,2021,4,0,1,0
140,Wrocław,242.32,2021,4,2,10,1957.2
143,Radom,207.22,2021,4,3,4,279.2
144,Warszawa,0,2021,4,0,2,0
145,Szczecin,0,2021,4,0,1,2359.96
147,Gdynia,168.311,2021,4,3,10,262.879
150,Kraków,2436.87,2021,4,2,18,2164.25
158,Poznań,0,2021,4,0,4,0
159,Gdynia,0,2021,4,0,13,521.43
161,Gdynia,0,2021,4,0,0,169.892
162,Radom,113.05,2021,4,1,10,1108.37
167,Warszawa,154.4,2021,4,1,19,863.2
169,Wrocław,1869.91,2021,4,1,24,1377.19
170,Wrocław,0,2021,4,0,0,4003.29
171,Kraków,0,2021,4,0,1,470.05
173,Szczecin,42.415,2021,4,1,6,718.2
174,Gdynia,64.8,2021,4,1,2,7288.79
175,Poznań,0,2021,4,0,0,5311.48
177,Warszawa,0,2021,4,0,0,247.088
179,Radom,2482.13,2021,4,5,20,76.9
184,Szczecin,2505.26,2021,4,2,14,2838.9
186,Radom,0,2021,4,0,0,6218.2
187,Gdynia,14.99,2021,4,1,20,87.2
189,Poznań,53.073,2021,4,1,1,215.2
190,Kraków,1712.92,2021,4,2,23,7374.33
191,Gdynia,586.6,2021,4,5,31,3959.96
192,Gdynia,0,2021,4,0,0,409.632
193,Radom,52.003,2021,4,1,12,1043.17
196,Poznań,0,2021,4,0,0,89.991
198,Poznań,0,2021,4,0,19,5480.7
202,Wrocław,0,2021,4,0,6,56.905
203,Radom,0,2021,4,0,3,4794.32
204,Wrocław,1505.28,2021,4,3,10,268.353
205,Gdynia,0,2021,4,0,0,2571.34
206,Wrocław,372.3,2021,4,2,29,53.073
209,Gdynia,319.095,2021,4,4,17,309.695
211,Szczecin,618,2021,4,2,17,6812.97
212,Kraków,0,2021,4,0,0,666.268
214,Radom,103.55,2021,4,1,7,320.038
216,Warszawa,44.991,2021,4,1,14,0
219,Gdynia,1207.96,2021,4,3,13,6019.13
221,Gdynia,0,2021,4,0,0,3149.66
222,Kraków,0,2021,4,0,1,243.982
223,Kraków,2041.46,2021,4,2,11,0
224,Poznań,2357.37,2021,4,3,10,1862.34
225,Szczecin,58.97,2021,4,1,3,50.1245
228,Wrocław,318.411,2021,4,4,21,0
231,Szczecin,0,2021,4,0,0,1653.17
233,Radom,3075.53,2021,4,3,17,7130.76
234,Gdynia,236.874,2021,4,2,2,4433.65
235,Wrocław,3995.74,2021,4,4,19,279.247
238,Kraków,0,2021,4,0,15,0
239,Kraków,1005.31,2021,4,1,6,0
240,Wrocław,94.9905,2021,4,1,4,1880.09
241,Gdynia,2606.26,2021,4,6,21,2350.17
242,Warszawa,2215.38,2021,4,2,19,3966.25
243,Gdynia,165.864,2021,4,1,2,0
244,Szczecin,78.9,2021,4,1,0,0
245,Radom,99.99,2021,4,1,8,346.2
246,Radom,1792.13,2021,4,2,13,239.2
247,Poznań,322,2021,4,2,9,1246.01
248,Kraków,0,2021,4,0,22,2234.52
249,Radom,1477.66,2021,4,2,4,1869.91
251,Wrocław,442.4,2021,4,1,12,127.076
252,Szczecin,213.896,2021,4,3,8,161.483
253,Wrocław,256.7,2021,4,2,17,574.192
254,Kraków,3876.18,2021,4,6,29,5811.39
256,Szczecin,5716.88,2021,4,3,20,4850.76
257,Wrocław,10121.2,2021,4,3,27,412.173
258,Kraków,56.0215,2021,4,1,5,0
259,Szczecin,0,2021,4,0,0,1853.62
261,Radom,2328.34,2021,4,4,15,674.326
262,Warszawa,3151.31,2021,4,6,24,320.575
263,Radom,1753.52,2021,4,4,11,446.415
264,Radom,169.983,2021,4,2,3,442.4
265,Poznań,319.2,2021,4,2,24,1336.71
266,Warszawa,7763.55,2021,4,7,34,0
267,Kraków,207.33,2021,4,1,7,196.964
268,Warszawa,5793.57,2021,4,3,22,2405.31
269,Poznań,231.903,2021,4,2,12,692.641
270,Szczecin,768.2,2021,4,3,21,1843.65
273,Wrocław,0,2021,4,0,8,2027.09
274,Radom,106.982,2021,4,2,16,11940.9
276,Warszawa,489.576,2021,4,2,5,0
277,Radom,2754.14,2021,4,2,12,551.619
278,Poznań,166.96,2021,4,2,12,213.354
279,Wrocław,0,2021,4,0,28,900.34
280,Poznań,2829.73,2021,4,4,40,196.964
281,Gdynia,0,2021,4,0,6,0
282,Wrocław,537.132,2021,4,3,23,145.965
283,Poznań,0,2021,4,0,0,2574.65
285,Wrocław,1946.07,2021,4,1,4,53.073
288,Gdynia,47.176,2021,4,1,2,2149.11
289,Wrocław,1869.91,2021,4,1,6,1144.45
290,Radom,1759.73,2021,4,3,21,14147
292,Wrocław,470.05,2021,4,1,7,1903.74
295,Kraków,276.897,2021,4,3,16,6022.68
296,Wrocław,163.329,2021,4,2,8,639.364
297,Gdynia,648.132,2021,4,3,17,413.475
298,Szczecin,4056.37,2021,4,4,23,4664.8
299,Kraków,0,2021,4,0,15,55.2
300,Radom,2199.9,2021,4,1,4,642.1
102,Gdynia,7927.77,2021,5,6,36,607.05
107,Radom,0,2021,5,0,0,7465.8
109,Wrocław,249,2021,5,1,17,0
110,Warszawa,3588.15,2021,5,1,10,0
111,Szczecin,4891.31,2021,5,5,20,50.915
112,Radom,178.435,2021,5,3,10,670.947
114,Warszawa,2199.9,2021,5,1,1,0
117,Warszawa,9916.19,2021,5,3,12,294.15
120,Wrocław,470.05,2021,5,1,6,1946.07
121,Kraków,5216.55,2021,5,2,23,6419.15
123,Warszawa,0,2021,5,0,1,0
125,Szczecin,479.14,2021,5,2,23,87.2
127,Warszawa,1707.61,2021,5,3,38,1886.68
128,Szczecin,2261.67,2021,5,4,25,4991.44
129,Gdynia,3029,2021,5,1,5,4141.55
130,Szczecin,718.864,2021,5,2,3,1555.7
133,Radom,1726.12,2021,5,1,7,0
135,Gdynia,0,2021,5,0,0,56.0215
136,Poznań,4700.6,2021,5,2,25,136.302
140,Wrocław,1957.2,2021,5,2,19,646.294
142,Warszawa,0,2021,5,0,0,208.25
143,Radom,279.2,2021,5,1,8,867.996
144,Warszawa,0,2021,5,0,8,0
145,Szczecin,2359.96,2021,5,2,13,103.55
146,Radom,0,2021,5,0,0,2317.02
147,Gdynia,262.879,2021,5,4,11,404.582
148,Szczecin,0,2021,5,0,0,52.2405
150,Kraków,2164.25,2021,5,4,13,0
155,Wrocław,0,2021,5,0,9,63.12
158,Poznań,0,2021,5,0,6,0
159,Gdynia,521.43,2021,5,2,4,0
160,Szczecin,0,2021,5,0,0,2159.1
161,Gdynia,169.892,2021,5,2,7,628.15
162,Radom,1108.37,2021,5,1,8,2726.1
167,Warszawa,863.2,2021,5,1,28,579.7
168,Gdynia,0,2021,5,0,0,4425.68
169,Wrocław,1377.19,2021,5,7,31,0
170,Wrocław,4003.29,2021,5,2,8,7733.99
171,Kraków,470.05,2021,5,1,3,0
173,Szczecin,718.2,2021,5,2,10,5052.07
174,Gdynia,7288.79,2021,5,5,10,1244.11
175,Poznań,5311.48,2021,5,3,15,56.0215
176,Kraków,0,2021,5,0,4,2142
177,Warszawa,247.088,2021,5,2,13,201.3
178,Poznań,0,2021,5,0,0,173.7
179,Radom,76.9,2021,5,1,9,2940.82
184,Szczecin,2838.9,2021,5,2,15,94.9905
186,Radom,6218.2,2021,5,4,17,4996.05
187,Gdynia,87.2,2021,5,1,8,592.121
189,Poznań,215.2,2021,5,1,9,0
190,Kraków,7374.33,2021,5,7,35,808.064
191,Gdynia,3959.96,2021,5,6,35,4886.17
192,Gdynia,409.632,2021,5,4,15,2191.78
193,Radom,1043.17,2021,5,1,4,7393.55
194,Kraków,0,2021,5,0,0,5259
196,Poznań,89.991,2021,5,1,11,236.423
197,Wrocław,0,2021,5,0,0,1453.58
198,Poznań,5480.7,2021,5,4,32,55.08
199,Poznań,0,2021,5,0,0,69
200,Gdynia,0,2021,5,0,1,459.641
202,Wrocław,56.905,2021,5,1,16,50.1245
203,Radom,4794.32,2021,5,6,37,2188.94
204,Wrocław,268.353,2021,5,4,24,7034.93
205,Gdynia,2571.34,2021,5,3,26,1464.51
206,Wrocław,53.073,2021,5,1,11,1835.77
209,Gdynia,309.695,2021,5,4,19,4606.92
211,Szczecin,6812.97,2021,5,5,36,539.383
212,Kraków,666.268,2021,5,3,16,139.99
214,Radom,320.038,2021,5,4,16,73.338
215,Kraków,0,2021,5,0,7,0
216,Warszawa,0,2021,5,0,29,2282.28
218,Kraków,0,2021,5,0,0,180.464
219,Gdynia,6019.13,2021,5,4,17,1635.27
221,Gdynia,3149.66,2021,5,3,6,1699.43
222,Kraków,243.982,2021,5,2,17,137.44
223,Kraków,0,2021,5,0,2,168.79
224,Poznań,1862.34,2021,5,3,28,199.75
225,Szczecin,50.1245,2021,5,1,3,4524
227,Radom,0,2021,5,0,0,142.232
228,Wrocław,0,2021,5,0,7,121.392
231,Szczecin,1653.17,2021,5,2,5,646.11
232,Poznań,0,2021,5,0,0,164.05
233,Radom,7130.76,2021,5,4,28,4217.24
234,Gdynia,4433.65,2021,5,2,9,4355.84
235,Wrocław,279.247,2021,5,2,20,2724.61
238,Kraków,0,2021,5,0,9,50.1245
239,Kraków,0,2021,5,0,2,525.35
240,Wrocław,1880.09,2021,5,2,30,133.98
241,Gdynia,2350.17,2021,5,4,28,2499.62
242,Warszawa,3966.25,2021,5,4,31,2423.2
243,Gdynia,0,2021,5,0,2,0
244,Szczecin,0,2021,5,0,0,2145.7
245,Radom,346.2,2021,5,2,10,58.97
246,Radom,239.2,2021,5,1,4,232.75
247,Poznań,1246.01,2021,5,2,47,836.584
248,Kraków,2234.52,2021,5,4,55,839.351
249,Radom,1869.91,2021,5,1,7,796.141
251,Wrocław,127.076,2021,5,2,15,38.61
252,Szczecin,161.483,2021,5,2,10,87.2
253,Wrocław,574.192,2021,5,2,14,676.32
254,Kraków,5811.39,2021,5,5,67,1894.57
255,Wrocław,0,2021,5,0,0,1634.42
256,Szczecin,4850.76,2021,5,3,6,178.2
257,Wrocław,412.173,2021,5,2,24,103.55
258,Kraków,0,2021,5,0,4,79.992
259,Szczecin,1853.62,2021,5,1,16,635.591
260,Gdynia,0,2021,5,0,8,0
261,Radom,674.326,2021,5,4,21,960.746
262,Warszawa,320.575,2021,5,3,20,4052.28
263,Radom,446.415,2021,5,4,39,759.87
264,Radom,442.4,2021,5,1,10,2192.69
265,Poznań,1336.71,2021,5,7,28,1386.48
266,Warszawa,0,2021,5,0,20,580.098
267,Kraków,196.964,2021,5,1,8,11.992
268,Warszawa,2405.31,2021,5,3,40,2865.53
269,Poznań,692.641,2021,5,2,14,542.691
270,Szczecin,1843.65,2021,5,1,24,8486.6
271,Kraków,0,2021,5,0,0,47.176
272,Wrocław,0,2021,5,0,0,276.451
273,Wrocław,2027.09,2021,5,2,22,0
274,Radom,11940.9,2021,5,6,26,3166.48
276,Warszawa,0,2021,5,0,22,2089.9
277,Radom,551.619,2021,5,5,11,94.9905
278,Poznań,213.354,2021,5,2,21,132.642
279,Wrocław,900.34,2021,5,3,23,2223.63
280,Poznań,196.964,2021,5,1,16,5301.9
281,Gdynia,0,2021,5,0,8,633.636
282,Wrocław,145.965,2021,5,2,31,1062.74
283,Poznań,2574.65,2021,5,1,7,0
284,Szczecin,0,2021,5,0,6,296.65
285,Wrocław,53.073,2021,5,2,5,3840.49
288,Gdynia,2149.11,2021,5,2,9,3707.49
289,Wrocław,1144.45,2021,5,2,21,758.804
290,Radom,14147,2021,5,14,75,6487.71
291,Gdynia,0,2021,5,0,4,0
292,Wrocław,1903.74,2021,5,2,3,148.293
295,Kraków,6022.68,2021,5,8,45,3107.05
296,Wrocław,639.364,2021,5,2,18,631.734
297,Gdynia,413.475,2021,5,5,32,303.225
298,Szczecin,4664.8,2021,5,6,29,64.8
299,Kraków,55.2,2021,5,1,36,225.99
300,Radom,642.1,2021,5,3,17,4008.26
102,Gdynia,607.05,2021,6,1,1,7369.98
103,Poznań,0,2021,6,0,0,2814.72
104,Szczecin,0,2021,6,0,5,186.597
105,Wrocław,0,2021,6,0,1,0
106,Gdynia,0,2021,6,0,0,746.739
107,Radom,7465.8,2021,6,3,22,1758.53
108,Poznań,0,2021,6,0,1,1702.72
109,Wrocław,0,2021,6,0,16,126.2
110,Warszawa,0,2021,6,0,2,0
111,Szczecin,50.915,2021,6,1,8,0
112,Radom,670.947,2021,6,5,15,62.8515
114,Warszawa,0,2021,6,0,13,99.99
117,Warszawa,294.15,2021,6,2,19,4092.59
120,Wrocław,1946.07,2021,6,1,9,1381.64
121,Kraków,6419.15,2021,6,7,44,2438.73
123,Warszawa,0,2021,6,0,1,0
125,Szczecin,87.2,2021,6,1,2,0
127,Warszawa,1886.68,2021,6,4,17,5294.66
128,Szczecin,4991.44,2021,6,4,24,4608.18
129,Gdynia,4141.55,2021,6,2,9,1817.5
130,Szczecin,1555.7,2021,6,3,13,39.992
133,Radom,0,2021,6,0,0,96.9835
134,Wrocław,0,2021,6,0,1,14.32
135,Gdynia,56.0215,2021,6,1,3,155.306
136,Poznań,136.302,2021,6,3,37,2611.4
137,Szczecin,0,2021,6,0,0,141.552
138,Kraków,0,2021,6,0,1,0
140,Wrocław,646.294,2021,6,2,19,1869.91
141,Gdynia,0,2021,6,0,1,3440.54
142,Warszawa,208.25,2021,6,1,21,43.992
143,Radom,867.996,2021,6,4,6,0
145,Szczecin,103.55,2021,6,1,19,176.23
146,Radom,2317.02,2021,6,1,12,213.37
147,Gdynia,404.582,2021,6,3,23,3896.57
148,Szczecin,52.2405,2021,6,1,14,43.992
149,Wrocław,0,2021,6,0,0,69.21
150,Kraków,0,2021,6,0,7,662
151,Kraków,0,2021,6,0,0,1270.12
153,Wrocław,0,2021,6,0,0,470.05
154,Gdynia,0,2021,6,0,5,2506.02
155,Wrocław,63.12,2021,6,1,3,6111.2
158,Poznań,0,2021,6,0,8,2474.11
159,Gdynia,0,2021,6,0,3,292.99
160,Szczecin,2159.1,2021,6,1,8,2716.8
161,Gdynia,628.15,2021,6,1,10,0
162,Radom,2726.1,2021,6,1,7,1979.56
163,Warszawa,0,2021,6,0,0,99.99
165,Kraków,0,2021,6,0,5,0
166,Wrocław,0,2021,6,0,6,2787.07
167,Warszawa,579.7,2021,6,2,26,1969.47
168,Gdynia,4425.68,2021,6,4,19,10503.4
169,Wrocław,0,2021,6,0,39,6273.68
170,Wrocław,7733.99,2021,6,2,6,3667.89
171,Kraków,0,2021,6,0,1,194.47
173,Szczecin,5052.07,2021,6,2,14,197.505
174,Gdynia,1244.11,2021,6,2,26,974.586
175,Poznań,56.0215,2021,6,1,9,778.321
176,Kraków,2142,2021,6,3,5,7550.79
177,Warszawa,201.3,2021,6,2,10,553
178,Poznań,173.7,2021,6,1,14,710.986
179,Radom,2940.82,2021,6,5,24,1956.94
182,Warszawa,0,2021,6,0,0,51.84
184,Szczecin,94.9905,2021,6,1,2,4611.11
185,Szczecin,0,2021,6,0,8,0
186,Radom,4996.05,2021,6,1,8,127.04
187,Gdynia,592.121,2021,6,5,19,10017.7
189,Poznań,0,2021,6,0,0,34.11
190,Kraków,808.064,2021,6,4,16,1309.77
191,Gdynia,4886.17,2021,6,9,30,4195.79
192,Gdynia,2191.78,2021,6,6,35,395.859
193,Radom,7393.55,2021,6,4,21,0
194,Kraków,5259,2021,6,1,3,122.55
195,Warszawa,0,2021,6,0,31,9611.16
196,Poznań,236.423,2021,6,2,19,51.84
197,Wrocław,1453.58,2021,6,1,5,0
198,Poznań,55.08,2021,6,1,10,649.8
199,Poznań,69,2021,6,1,3,0
200,Gdynia,459.641,2021,6,3,43,2668.05
201,Gdynia,0,2021,6,0,0,2561.42
202,Wrocław,50.1245,2021,6,1,9,0
203,Radom,2188.94,2021,6,5,13,468.97
204,Wrocław,7034.93,2021,6,6,11,2504.89
205,Gdynia,1464.51,2021,6,2,18,528.275
206,Wrocław,1835.77,2021,6,2,5,607.05
207,Wrocław,0,2021,6,0,0,38.2415
209,Gdynia,4606.92,2021,6,7,30,2830.24
211,Szczecin,539.383,2021,6,4,24,3463.06
212,Kraków,139.99,2021,6,1,7,1969.47
214,Radom,73.338,2021,6,1,4,455.04
215,Kraków,0,2021,6,0,22,2085.32
216,Warszawa,2282.28,2021,6,2,5,972.212
217,Gdynia,0,2021,6,0,0,676.451
218,Kraków,180.464,2021,6,3,15,2961.45
219,Gdynia,1635.27,2021,6,1,6,650.442
220,Gdynia,0,2021,6,0,0,1061.16
221,Gdynia,1699.43,2021,6,3,7,47.176
222,Kraków,137.44,2021,6,3,12,1691.29
223,Kraków,168.79,2021,6,1,24,1726.12
224,Poznań,199.75,2021,6,2,17,4673.99
225,Szczecin,4524,2021,6,4,23,455.28
227,Radom,142.232,2021,6,2,17,4385.93
228,Wrocław,121.392,2021,6,2,22,2935.95
229,Radom,0,2021,6,0,0,1969.47
230,Warszawa,0,2021,6,0,3,1908.6
231,Szczecin,646.11,2021,6,2,9,25.4915
232,Poznań,164.05,2021,6,1,3,1759.84
233,Radom,4217.24,2021,6,6,50,8254.57
234,Gdynia,4355.84,2021,6,3,18,5577.69
235,Wrocław,2724.61,2021,6,4,38,4837.39
237,Wrocław,0,2021,6,0,9,79.992
238,Kraków,50.1245,2021,6,1,1,1554.71
239,Kraków,525.35,2021,6,1,1,1786.31
240,Wrocław,133.98,2021,6,2,16,585.463
241,Gdynia,2499.62,2021,6,3,28,1921.51
242,Warszawa,2423.2,2021,6,1,18,4883.56
243,Gdynia,0,2021,6,0,10,0
244,Szczecin,2145.7,2021,6,2,3,442.4
245,Radom,58.97,2021,6,1,6,63.12
246,Radom,232.75,2021,6,1,10,6172.12
247,Poznań,836.584,2021,6,4,22,763.04
248,Kraków,839.351,2021,6,4,38,1872.76
249,Radom,796.141,2021,6,2,21,2860.54
251,Wrocław,38.61,2021,6,1,16,1512.46
252,Szczecin,87.2,2021,6,1,5,292.35
253,Wrocław,676.32,2021,6,3,14,0
254,Kraków,1894.57,2021,6,6,19,7392.46
255,Wrocław,1634.42,2021,6,2,6,134.901
256,Szczecin,178.2,2021,6,2,30,164.05
257,Wrocław,103.55,2021,6,1,4,78.9
258,Kraków,79.992,2021,6,1,14,7500.01
259,Szczecin,635.591,2021,6,3,25,0
260,Gdynia,0,2021,6,0,0,361.716
261,Radom,960.746,2021,6,4,28,6918.84
262,Warszawa,4052.28,2021,6,3,17,2588.9
263,Radom,759.87,2021,6,5,20,524.021
264,Radom,2192.69,2021,6,5,22,12.7415
265,Poznań,1386.48,2021,6,4,28,2855.58
266,Warszawa,580.098,2021,6,5,39,0
267,Kraków,11.992,2021,6,1,4,94.9905
268,Warszawa,2865.53,2021,6,5,19,7168.96
269,Poznań,542.691,2021,6,2,21,0
270,Szczecin,8486.6,2021,6,6,36,861.483
271,Kraków,47.176,2021,6,1,1,511.2
272,Wrocław,276.451,2021,6,2,6,0
273,Wrocław,0,2021,6,0,9,2937.64
274,Radom,3166.48,2021,6,5,26,2847.97
276,Warszawa,2089.9,2021,6,1,17,3776.62
277,Radom,94.9905,2021,6,1,1,934.403
278,Poznań,132.642,2021,6,2,23,2725.25
279,Wrocław,2223.63,2021,6,3,19,908.846
280,Poznań,5301.9,2021,6,1,6,298.784
281,Gdynia,633.636,2021,6,6,11,7599.87
282,Wrocław,1062.74,2021,6,3,17,258.503
284,Szczecin,296.65,2021,6,1,7,339.15
285,Wrocław,3840.49,2021,6,5,15,84.9915
286,Radom,0,2021,6,0,0,734.096
287,Wrocław,0,2021,6,0,0,497.7
288,Gdynia,3707.49,2021,6,6,36,1009.23
289,Wrocław,758.804,2021,6,5,45,8898.67
290,Radom,6487.71,2021,6,6,34,930.319
291,Gdynia,0,2021,6,0,0,4660.58
292,Wrocław,148.293,2021,6,2,7,0
293,Kraków,0,2021,6,0,0,127.994
294,Poznań,0,2021,6,0,1,0
295,Kraków,3107.05,2021,6,10,53,2396.54
296,Wrocław,631.734,2021,6,3,13,4776.33
297,Gdynia,303.225,2021,6,4,23,940.229
298,Szczecin,64.8,2021,6,1,6,186.475
299,Kraków,225.99,2021,6,2,8,7231.78
300,Radom,4008.26,2021,6,8,48,3012.89
102,Gdynia,7369.98,2021,7,9,41,2510.47
103,Poznań,2814.72,2021,7,2,3,154.4
104,Szczecin,186.597,2021,7,1,6,0
106,Gdynia,746.739,2021,7,3,18,553
107,Radom,1758.53,2021,7,4,12,171.406
108,Poznań,1702.72,2021,7,2,14,0
109,Wrocław,126.2,2021,7,2,23,768.772
110,Warszawa,0,2021,7,0,8,53.91
111,Szczecin,0,2021,7,0,0,1769.08
112,Radom,62.8515,2021,7,2,8,3963.51
114,Warszawa,99.99,2021,7,1,9,0
115,Warszawa,0,2021,7,0,3,2592.82
116,Gdynia,0,2021,7,0,0,99.99
117,Warszawa,4092.59,2021,7,3,23,0
118,Kraków,0,2021,7,0,12,0
119,Gdynia,0,2021,7,0,0,7257.05
120,Wrocław,1381.64,2021,7,4,33,207.33
121,Kraków,2438.73,2021,7,6,19,2884.62
122,Szczecin,0,2021,7,0,0,376.35
124,Gdynia,0,2021,7,0,0,704.576
125,Szczecin,0,2021,7,0,2,0
126,Gdynia,0,2021,7,0,0,2199.9
127,Warszawa,5294.66,2021,7,5,37,595.9
128,Szczecin,4608.18,2021,7,6,17,152.1
129,Gdynia,1817.5,2021,7,3,6,168.21
130,Szczecin,39.992,2021,7,1,9,87.0115
133,Radom,96.9835,2021,7,2,3,2039.15
134,Wrocław,14.32,2021,7,1,32,0
135,Gdynia,155.306,2021,7,2,17,2206.29
136,Poznań,2611.4,2021,7,4,6,509.271
137,Szczecin,141.552,2021,7,2,7,0
138,Kraków,0,2021,7,0,7,0
140,Wrocław,1869.91,2021,7,1,11,1117.24
141,Gdynia,3440.54,2021,7,5,22,1720.01
142,Warszawa,43.992,2021,7,1,6,477.9
143,Radom,0,2021,7,0,2,553
144,Warszawa,0,2021,7,0,0,26.392
145,Szczecin,176.23,2021,7,1,4,63.995
146,Radom,213.37,2021,7,2,13,67.3455
147,Gdynia,3896.57,2021,7,3,8,7178.2
148,Szczecin,43.992,2021,7,1,9,1285.61
149,Wrocław,69.21,2021,7,1,13,1855.77
150,Kraków,662,2021,7,2,15,3545.26
151,Kraków,1270.12,2021,7,2,27,0
152,Wrocław,0,2021,7,0,0,5259
153,Wrocław,470.05,2021,7,1,17,1816.97
154,Gdynia,2506.02,2021,7,3,26,5189.3
155,Wrocław,6111.2,2021,7,1,17,94.9905
158,Poznań,2474.11,2021,7,2,8,0
159,Gdynia,292.99,2021,7,2,5,2399
160,Szczecin,2716.8,2021,7,5,41,4536.45
161,Gdynia,0,2021,7,0,0,56.0215
162,Radom,1979.56,2021,7,2,8,92.65
163,Warszawa,99.99,2021,7,1,23,2024.99
164,Warszawa,0,2021,7,0,3,103.992
165,Kraków,0,2021,7,0,0,543.15
166,Wrocław,2787.07,2021,7,2,10,2395.9
167,Warszawa,1969.47,2021,7,1,14,2366.18
168,Gdynia,10503.4,2021,7,5,27,832.75
169,Wrocław,6273.68,2021,7,4,52,129.402
170,Wrocław,3667.89,2021,7,2,2,0
171,Kraków,194.47,2021,7,2,9,0
172,Gdynia,0,2021,7,0,15,3408.36
173,Szczecin,197.505,2021,7,2,13,995.4
174,Gdynia,974.586,2021,7,4,22,584
175,Poznań,778.321,2021,7,3,7,4903.81
176,Kraków,7550.79,2021,7,3,17,14.32
177,Warszawa,553,2021,7,1,24,618.902
178,Poznań,710.986,2021,7,5,35,275.58
179,Radom,1956.94,2021,7,7,37,8523.86
180,Wrocław,0,2021,7,0,0,63.12
181,Poznań,0,2021,7,0,5,208.25
182,Warszawa,51.84,2021,7,1,22,0
183,Poznań,0,2021,7,0,0,4029.37
184,Szczecin,4611.11,2021,7,11,32,28.0415
185,Szczecin,0,2021,7,0,2,92.65
186,Radom,127.04,2021,7,2,19,274.034
187,Gdynia,10017.7,2021,7,7,32,845.742
188,Kraków,0,2021,7,0,1,4207.2
189,Poznań,34.11,2021,7,1,6,99.99
190,Kraków,1309.77,2021,7,2,16,3253.32
191,Gdynia,4195.79,2021,7,3,10,61.56
192,Gdynia,395.859,2021,7,5,18,824.345
193,Radom,0,2021,7,0,7,729.9
194,Kraków,122.55,2021,7,1,19,0
195,Warszawa,9611.16,2021,7,7,25,1694.24
196,Poznań,51.84,2021,7,1,8,942.572
197,Wrocław,0,2021,7,0,8,98.1
198,Poznań,649.8,2021,7,2,24,8074.48
200,Gdynia,2668.05,2021,7,5,7,1692.63
201,Gdynia,2561.42,2021,7,6,20,0
202,Wrocław,0,2021,7,0,4,0
203,Radom,468.97,2021,7,3,20,690.891
204,Wrocław,2504.89,2021,7,5,41,525.04
205,Gdynia,528.275,2021,7,4,28,2252.14
206,Wrocław,607.05,2021,7,1,31,125.991
207,Wrocław,38.2415,2021,7,1,8,0
208,Poznań,0,2021,7,0,0,534.8
209,Gdynia,2830.24,2021,7,7,32,79.992
210,Kraków,0,2021,7,0,1,232.75
211,Szczecin,3463.06,2021,7,7,35,2859.96
212,Kraków,1969.47,2021,7,1,1,53.073
213,Wrocław,0,2021,7,0,0,92.65
214,Radom,455.04,2021,7,3,7,53.073
215,Kraków,2085.32,2021,7,1,25,1969.47
216,Warszawa,972.212,2021,7,2,38,49.491
217,Gdynia,676.451,2021,7,3,15,94.9905
218,Kraków,2961.45,2021,7,4,15,167.65
219,Gdynia,650.442,2021,7,3,7,7338.15
220,Gdynia,1061.16,2021,7,1,8,876.421
221,Gdynia,47.176,2021,7,1,10,236.55
222,Kraków,1691.29,2021,7,2,22,2201.17
223,Kraków,1726.12,2021,7,1,4,34.32
224,Poznań,4673.99,2021,7,5,41,4461.35
225,Szczecin,455.28,2021,7,3,30,0
226,Kraków,0,2021,7,0,0,28.0415
227,Radom,4385.93,2021,7,3,13,4377.95
228,Wrocław,2935.95,2021,7,5,27,1275.85
229,Radom,1969.47,2021,7,1,8,2578.2
230,Warszawa,1908.6,2021,7,4,36,1849.91
231,Szczecin,25.4915,2021,7,1,8,2583.77
232,Poznań,1759.84,2021,7,3,14,245.413
233,Radom,8254.57,2021,7,8,42,10960
234,Gdynia,5577.69,2021,7,6,18,2408.79
235,Wrocław,4837.39,2021,7,4,21,3613.41
236,Gdynia,0,2021,7,0,3,2083.78
237,Wrocław,79.992,2021,7,1,3,2573.24
238,Kraków,1554.71,2021,7,3,10,1726.12
239,Kraków,1786.31,2021,7,2,11,0
240,Wrocław,585.463,2021,7,1,28,1688.33
241,Gdynia,1921.51,2021,7,5,47,10130.3
242,Warszawa,4883.56,2021,7,3,17,320.911
243,Gdynia,0,2021,7,0,0,7481.15
244,Szczecin,442.4,2021,7,1,3,7418.1
245,Radom,63.12,2021,7,1,8,4508.33
246,Radom,6172.12,2021,7,6,27,672.312
247,Poznań,763.04,2021,7,3,34,2786.89
248,Kraków,1872.76,2021,7,6,38,181.091
249,Radom,2860.54,2021,7,6,27,10426.7
250,Kraków,0,2021,7,0,12,2460.18
251,Wrocław,1512.46,2021,7,4,27,3161.45
252,Szczecin,292.35,2021,7,3,22,6629.55
253,Wrocław,0,2021,7,0,6,142.482
254,Kraków,7392.46,2021,7,6,14,727.021
255,Wrocław,134.901,2021,7,2,16,6825.42
256,Szczecin,164.05,2021,7,1,20,3648.31
257,Wrocław,78.9,2021,7,1,5,1740.42
258,Kraków,7500.01,2021,7,3,18,3026.28
259,Szczecin,0,2021,7,0,9,10261
260,Gdynia,361.716,2021,7,3,15,6910.69
261,Radom,6918.84,2021,7,5,39,1607.06
262,Warszawa,2588.9,2021,7,6,53,165.864
263,Radom,524.021,2021,7,5,16,16.11
264,Radom,12.7415,2021,7,1,10,2185.82
265,Poznań,2855.58,2021,7,9,34,6443.25
266,Warszawa,0,2021,7,0,25,225.107
267,Kraków,94.9905,2021,7,2,38,2199.01
268,Warszawa,7168.96,2021,7,9,54,107.1
269,Poznań,0,2021,7,0,3,1790.38
270,Szczecin,861.483,2021,7,6,27,602.75
271,Kraków,511.2,2021,7,1,14,0
272,Wrocław,0,2021,7,0,0,1487.36
273,Wrocław,2937.64,2021,7,3,20,0
274,Radom,2847.97,2021,7,8,33,8269.63
275,Poznań,0,2021,7,0,0,4263.01
276,Warszawa,3776.62,2021,7,3,26,361.013
277,Radom,934.403,2021,7,5,29,2258.79
278,Poznań,2725.25,2021,7,2,3,2987.2
279,Wrocław,908.846,2021,7,4,30,590.796
280,Poznań,298.784,2021,7,5,18,432.5
281,Gdynia,7599.87,2021,7,3,14,1145.15
282,Wrocław,258.503,2021,7,4,19,5184.55
283,Poznań,0,2021,7,0,5,0
284,Szczecin,339.15,2021,7,1,27,280.655
285,Wrocław,84.9915,2021,7,1,13,1188.36
286,Radom,734.096,2021,7,4,20,220.967
287,Wrocław,497.7,2021,7,1,7,10831.9
288,Gdynia,1009.23,2021,7,3,12,439.39
289,Wrocław,8898.67,2021,7,8,28,2926.73
290,Radom,930.319,2021,7,8,32,2899.05
291,Gdynia,4660.58,2021,7,2,7,442.4
292,Wrocław,0,2021,7,0,12,319.2
293,Kraków,127.994,2021,7,2,5,8723.36
294,Poznań,0,2021,7,0,1,239.2
295,Kraków,2396.54,2021,7,5,28,5892.71
296,Wrocław,4776.33,2021,7,5,25,442.4
297,Gdynia,940.229,2021,7,6,23,8727.22
298,Szczecin,186.475,2021,7,3,22,87.2
299,Kraków,7231.78,2021,7,5,31,14453.4
300,Radom,3012.89,2021,7,3,38,6525.75
301,Poznań,0,2021,7,0,0,3023.78
102,Gdynia,2510.47,2021,8,6,19,2432.96
103,Poznań,154.4,2021,8,1,19,510.191
104,Szczecin,0,2021,8,0,0,1005.31
106,Gdynia,553,2021,8,1,6,4105.59
107,Radom,171.406,2021,8,2,13,2420.16
109,Wrocław,768.772,2021,8,2,21,739.862
110,Warszawa,53.91,2021,8,1,9,6906.44
111,Szczecin,1769.08,2021,8,3,12,0
112,Radom,3963.51,2021,8,4,10,2699.96
113,Szczecin,0,2021,8,0,10,0
115,Warszawa,2592.82,2021,8,5,39,3139.01
116,Gdynia,99.99,2021,8,1,3,1101.02
117,Warszawa,0,2021,8,0,7,167.97
118,Kraków,0,2021,8,0,28,173.7
119,Gdynia,7257.05,2021,8,1,10,0
120,Wrocław,207.33,2021,8,1,12,165.864
121,Kraków,2884.62,2021,8,3,45,6597.63
122,Szczecin,376.35,2021,8,2,3,186.597
123,Warszawa,0,2021,8,0,1,109
124,Gdynia,704.576,2021,8,3,22,5516.92
125,Szczecin,0,2021,8,0,24,1866.11
126,Gdynia,2199.9,2021,8,1,4,1261.76
127,Warszawa,595.9,2021,8,2,26,3065.43
128,Szczecin,152.1,2021,8,1,21,1086.61
129,Gdynia,168.21,2021,8,3,23,1774.56
130,Szczecin,87.0115,2021,8,2,5,2694.02
132,Warszawa,0,2021,8,0,13,50.1245
133,Radom,2039.15,2021,8,1,9,0
134,Wrocław,0,2021,8,0,16,0
135,Gdynia,2206.29,2021,8,3,7,74.955
136,Poznań,509.271,2021,8,5,21,180.91
137,Szczecin,0,2021,8,0,6,457.82
139,Warszawa,0,2021,8,0,2,0
140,Wrocław,1117.24,2021,8,2,9,56.0215
141,Gdynia,1720.01,2021,8,3,17,461.357
142,Warszawa,477.9,2021,8,2,18,1002.19
143,Radom,553,2021,8,1,1,599.117
144,Warszawa,26.392,2021,8,1,8,0
145,Szczecin,63.995,2021,8,2,10,1453.58
146,Radom,67.3455,2021,8,2,32,1505.6
147,Gdynia,7178.2,2021,8,2,21,5171.21
148,Szczecin,1285.61,2021,8,5,37,640.033
149,Wrocław,1855.77,2021,8,2,25,1096.6
150,Kraków,3545.26,2021,8,3,18,2121.93
151,Kraków,0,2021,8,0,1,0
152,Wrocław,5259,2021,8,1,13,129.99
153,Wrocław,1816.97,2021,8,1,24,506.48
154,Gdynia,5189.3,2021,8,3,42,1794.24
155,Wrocław,94.9905,2021,8,1,25,56.0215
156,Wrocław,0,2021,8,0,10,846.33
157,Warszawa,0,2021,8,0,13,73.055
158,Poznań,0,2021,8,0,0,2423.2
159,Gdynia,2399,2021,8,1,7,2176.94
160,Szczecin,4536.45,2021,8,5,38,4167.82
161,Gdynia,56.0215,2021,8,1,1,104.081
162,Radom,92.65,2021,8,1,6,659.192
163,Warszawa,2024.99,2021,8,3,18,163.892
164,Warszawa,103.992,2021,8,1,3,47.992
165,Kraków,543.15,2021,8,1,3,5306.18
166,Wrocław,2395.9,2021,8,2,17,289.8
167,Warszawa,2366.18,2021,8,5,25,4045.29
168,Gdynia,832.75,2021,8,5,38,993.277
169,Wrocław,129.402,2021,8,4,52,2177.97
170,Wrocław,0,2021,8,0,4,0
171,Kraków,0,2021,8,0,2,0
172,Gdynia,3408.36,2021,8,6,34,2664.38
173,Szczecin,995.4,2021,8,2,3,459.389
174,Gdynia,584,2021,8,2,11,11316.3
175,Poznań,4903.81,2021,8,2,11,185.912
176,Kraków,14.32,2021,8,1,15,119.682
177,Warszawa,618.902,2021,8,7,27,0
178,Poznań,275.58,2021,8,2,13,1702.42
179,Radom,8523.86,2021,8,6,22,3446.79
180,Wrocław,63.12,2021,8,1,1,0
181,Poznań,208.25,2021,8,1,4,49.491
182,Warszawa,0,2021,8,0,2,95.2
183,Poznań,4029.37,2021,8,3,9,3576.14
184,Szczecin,28.0415,2021,8,1,24,6338.14
185,Szczecin,92.65,2021,8,1,4,99.99
186,Radom,274.034,2021,8,4,13,435.464
187,Gdynia,845.742,2021,8,4,15,471.987
188,Kraków,4207.2,2021,8,1,4,2201.17
189,Poznań,99.99,2021,8,1,1,0
190,Kraków,3253.32,2021,8,7,35,239.732
191,Gdynia,61.56,2021,8,1,12,1430.43
192,Gdynia,824.345,2021,8,4,22,2780.7
193,Radom,729.9,2021,8,2,4,0
194,Kraków,0,2021,8,0,7,53.073
195,Warszawa,1694.24,2021,8,2,28,354.065
196,Poznań,942.572,2021,8,5,9,1885.98
197,Wrocław,98.1,2021,8,1,4,0
198,Poznań,8074.48,2021,8,5,31,582.093
200,Gdynia,1692.63,2021,8,7,32,3170.34
201,Gdynia,0,2021,8,0,8,551.847
202,Wrocław,0,2021,8,0,2,2085.32
203,Radom,690.891,2021,8,3,7,696.833
204,Wrocław,525.04,2021,8,2,16,397.152
205,Gdynia,2252.14,2021,8,2,5,4456.98
206,Wrocław,125.991,2021,8,1,7,2370.8
207,Wrocław,0,2021,8,0,8,0
208,Poznań,534.8,2021,8,2,7,1853.62
209,Gdynia,79.992,2021,8,1,2,830.163
210,Kraków,232.75,2021,8,1,8,183.35
211,Szczecin,2859.96,2021,8,4,30,3459.46
212,Kraków,53.073,2021,8,1,17,186.597
213,Wrocław,92.65,2021,8,1,2,2089.9
214,Radom,53.073,2021,8,1,1,2375.99
215,Kraków,1969.47,2021,8,1,3,0
216,Warszawa,49.491,2021,8,1,9,5865.1
217,Gdynia,94.9905,2021,8,1,7,193
218,Kraków,167.65,2021,8,2,12,2168.31
219,Gdynia,7338.15,2021,8,8,19,4279.93
220,Gdynia,876.421,2021,8,3,6,2547.99
221,Gdynia,236.55,2021,8,1,16,487.39
222,Kraków,2201.17,2021,8,1,4,603.125
223,Kraków,34.32,2021,8,1,17,128.983
224,Poznań,4461.35,2021,8,2,22,1203.16
225,Szczecin,0,2021,8,0,29,239.59
226,Kraków,28.0415,2021,8,1,9,0
227,Radom,4377.95,2021,8,7,24,9842.76
228,Wrocław,1275.85,2021,8,3,21,675.979
229,Radom,2578.2,2021,8,3,7,0
230,Warszawa,1849.91,2021,8,2,16,64.8
231,Szczecin,2583.77,2021,8,4,14,112.951
232,Poznań,245.413,2021,8,3,15,147.64
233,Radom,10960,2021,8,9,41,2047.08
234,Gdynia,2408.79,2021,8,3,8,418.401
235,Wrocław,3613.41,2021,8,4,18,2502.8
236,Gdynia,2083.78,2021,8,12,69,912.662
237,Wrocław,2573.24,2021,8,2,17,1952
238,Kraków,1726.12,2021,8,1,2,4452.79
239,Kraków,0,2021,8,0,2,2165.65
240,Wrocław,1688.33,2021,8,3,24,1131.23
241,Gdynia,10130.3,2021,8,17,74,3765.42
242,Warszawa,320.911,2021,8,2,22,170.615
243,Gdynia,7481.15,2021,8,2,12,183.35
244,Szczecin,7418.1,2021,8,2,15,1340.09
245,Radom,4508.33,2021,8,13,77,896.594
246,Radom,672.312,2021,8,3,35,1415.36
247,Poznań,2786.89,2021,8,5,25,466.866
248,Kraków,181.091,2021,8,2,48,3984.33
249,Radom,10426.7,2021,8,5,27,3136.92
250,Kraków,2460.18,2021,8,9,46,3758.25
251,Wrocław,3161.45,2021,8,12,100,14395
252,Szczecin,6629.55,2021,8,3,16,910.691
253,Wrocław,142.482,2021,8,2,7,1751.46
254,Kraków,727.021,2021,8,6,30,1180.38
255,Wrocław,6825.42,2021,8,12,68,13731.1
256,Szczecin,3648.31,2021,8,5,10,2396.12
257,Wrocław,1740.42,2021,8,2,17,6945.75
258,Kraków,3026.28,2021,8,13,78,13613.8
259,Szczecin,10261,2021,8,13,90,8221.44
260,Gdynia,6910.69,2021,8,5,24,2453.92
261,Radom,1607.06,2021,8,6,28,8820.4
262,Warszawa,165.864,2021,8,1,17,2521.25
263,Radom,16.11,2021,8,2,26,0
264,Radom,2185.82,2021,8,3,19,2254.42
265,Poznań,6443.25,2021,8,8,44,6372.09
266,Warszawa,225.107,2021,8,3,17,0
267,Kraków,2199.01,2021,8,3,19,4488.78
268,Warszawa,107.1,2021,8,1,20,811.982
269,Poznań,1790.38,2021,8,4,17,8169.92
270,Szczecin,602.75,2021,8,2,15,2618.54
271,Kraków,0,2021,8,0,0,2694.16
272,Wrocław,1487.36,2021,8,10,50,4876.55
273,Wrocław,0,2021,8,0,4,296.001
274,Radom,8269.63,2021,8,12,42,1442.36
275,Poznań,4263.01,2021,8,7,33,502.088
276,Warszawa,361.013,2021,8,2,17,1468.62
277,Radom,2258.79,2021,8,4,27,354.581
278,Poznań,2987.2,2021,8,2,32,2138.6
279,Wrocław,590.796,2021,8,5,47,809.683
280,Poznań,432.5,2021,8,3,20,4855.4
281,Gdynia,1145.15,2021,8,7,36,2618.09
282,Wrocław,5184.55,2021,8,10,47,2315.66
283,Poznań,0,2021,8,0,1,475.2
284,Szczecin,280.655,2021,8,3,9,2694.94
285,Wrocław,1188.36,2021,8,2,9,0
286,Radom,220.967,2021,8,3,4,9258.68
287,Wrocław,10831.9,2021,8,14,78,3729.45
288,Gdynia,439.39,2021,8,4,15,176.134
289,Wrocław,2926.73,2021,8,5,25,688.724
290,Radom,2899.05,2021,8,6,34,6044.61
291,Gdynia,442.4,2021,8,1,2,0
292,Wrocław,319.2,2021,8,1,9,3258.37
293,Kraków,8723.36,2021,8,8,40,5355.66
294,Poznań,239.2,2021,8,1,5,6168.74
295,Kraków,5892.71,2021,8,9,49,5659.85
296,Wrocław,442.4,2021,8,1,13,567.24
297,Gdynia,8727.22,2021,8,13,92,8654.77
298,Szczecin,87.2,2021,8,1,17,8039.77
299,Kraków,14453.4,2021,8,22,103,9988.94
300,Radom,6525.75,2021,8,8,56,1107.93
301,Poznań,3023.78,2021,8,3,49,1865.6
102,Gdynia,2432.96,2021,9,6,27,524.042
103,Poznań,510.191,2021,9,3,28,56.905
104,Szczecin,1005.31,2021,9,1,9,55.08
106,Gdynia,4105.59,2021,9,4,6,1976.01
107,Radom,2420.16,2021,9,5,21,552.512
108,Poznań,0,2021,9,0,7,0
109,Wrocław,739.862,2021,9,4,23,3764.81
110,Warszawa,6906.44,2021,9,2,12,5301.9
111,Szczecin,0,2021,9,0,3,11543.5
112,Radom,2699.96,2021,9,5,13,640.008
113,Szczecin,0,2021,9,0,0,14.99
115,Warszawa,3139.01,2021,9,4,8,2600.83
116,Gdynia,1101.02,2021,9,4,22,157.741
117,Warszawa,167.97,2021,9,2,28,2132.12
118,Kraków,173.7,2021,9,1,12,1236.89
120,Wrocław,165.864,2021,9,1,2,1920.04
121,Kraków,6597.63,2021,9,3,32,1563.23
122,Szczecin,186.597,2021,9,1,2,0
123,Warszawa,109,2021,9,1,1,0
124,Gdynia,5516.92,2021,9,9,26,1846.83
125,Szczecin,1866.11,2021,9,2,16,55.062
126,Gdynia,1261.76,2021,9,4,21,3846.12
127,Warszawa,3065.43,2021,9,5,29,536.991
128,Szczecin,1086.61,2021,9,5,21,186.597
129,Gdynia,1774.56,2021,9,5,17,3539.64
130,Szczecin,2694.02,2021,9,4,17,1514.21
131,Kraków,0,2021,9,0,0,4869.7
132,Warszawa,50.1245,2021,9,1,2,0
133,Radom,0,2021,9,0,0,181.52
134,Wrocław,0,2021,9,0,2,0
135,Gdynia,74.955,2021,9,1,2,1079
136,Poznań,180.91,2021,9,2,26,1310.81
137,Szczecin,457.82,2021,9,3,25,94.263
138,Kraków,0,2021,9,0,0,58.97
139,Warszawa,0,2021,9,0,0,53.991
140,Wrocław,56.0215,2021,9,1,12,1932.15
141,Gdynia,461.357,2021,9,6,34,3688.93
142,Warszawa,1002.19,2021,9,5,38,281.141
143,Radom,599.117,2021,9,3,18,9715.77
144,Warszawa,0,2021,9,0,0,893.608
145,Szczecin,1453.58,2021,9,1,3,0
146,Radom,1505.6,2021,9,3,8,10348.3
147,Gdynia,5171.21,2021,9,7,24,0
148,Szczecin,640.033,2021,9,3,7,99.99
149,Wrocław,1096.6,2021,9,4,33,275.94
150,Kraków,2121.93,2021,9,3,8,5756.7
152,Wrocław,129.99,2021,9,1,27,4555
153,Wrocław,506.48,2021,9,4,27,695.39
154,Gdynia,1794.24,2021,9,2,11,442.4
155,Wrocław,56.0215,2021,9,1,9,329.087
156,Wrocław,846.33,2021,9,2,9,0
157,Warszawa,73.055,2021,9,1,20,0
158,Poznań,2423.2,2021,9,1,7,0
159,Gdynia,2176.94,2021,9,4,4,797.32
160,Szczecin,4167.82,2021,9,10,41,264.032
161,Gdynia,104.081,2021,9,2,4,1173.56
162,Radom,659.192,2021,9,3,13,525.35
163,Warszawa,163.892,2021,9,2,24,210.475
164,Warszawa,47.992,2021,9,1,1,0
165,Kraków,5306.18,2021,9,2,6,79.992
166,Wrocław,289.8,2021,9,2,9,5768.62
167,Warszawa,4045.29,2021,9,3,24,2314.82
168,Gdynia,993.277,2021,9,7,20,676.092
169,Wrocław,2177.97,2021,9,2,2,591.311
170,Wrocław,0,2021,9,0,4,173.7
171,Kraków,0,2021,9,0,19,634.1
172,Gdynia,2664.38,2021,9,6,24,2850.17
173,Szczecin,459.389,2021,9,6,17,0
174,Gdynia,11316.3,2021,9,6,38,7895.56
175,Poznań,185.912,2021,9,3,20,4064.77
176,Kraków,119.682,2021,9,2,3,1950.22
177,Warszawa,0,2021,9,0,0,196
178,Poznań,1702.42,2021,9,3,21,4386.19
179,Radom,3446.79,2021,9,8,37,1956.39
180,Wrocław,0,2021,9,0,0,1635.27
181,Poznań,49.491,2021,9,1,3,0
182,Warszawa,95.2,2021,9,1,16,2697.6
183,Poznań,3576.14,2021,9,3,5,2135.88
184,Szczecin,6338.14,2021,9,4,10,1261.62
185,Szczecin,99.99,2021,9,1,7,0
186,Radom,435.464,2021,9,3,12,593.204
187,Gdynia,471.987,2021,9,3,25,5776.04
188,Kraków,2201.17,2021,9,1,3,0
189,Poznań,0,2021,9,0,5,63.12
190,Kraków,239.732,2021,9,3,31,1046.48
191,Gdynia,1430.43,2021,9,8,31,6279.67
192,Gdynia,2780.7,2021,9,5,9,2779.38
193,Radom,0,2021,9,0,2,702.05
194,Kraków,53.073,2021,9,1,4,216.721
195,Warszawa,354.065,2021,9,3,12,85.4905
196,Poznań,1885.98,2021,9,4,24,196.964
198,Poznań,582.093,2021,9,3,3,2410.19
199,Poznań,0,2021,9,0,0,98.1
200,Gdynia,3170.34,2021,9,3,11,634.342
201,Gdynia,551.847,2021,9,5,11,3466.75
202,Wrocław,2085.32,2021,9,1,2,94.9905
203,Radom,696.833,2021,9,2,10,1354.73
204,Wrocław,397.152,2021,9,3,13,2943.57
205,Gdynia,4456.98,2021,9,6,30,2001.59
206,Wrocław,2370.8,2021,9,4,38,497.7
207,Wrocław,0,2021,9,0,8,607.05
208,Poznań,1853.62,2021,9,1,1,0
209,Gdynia,830.163,2021,9,4,14,116.811
210,Kraków,183.35,2021,9,1,4,51.84
211,Szczecin,3459.46,2021,9,8,42,2378.87
212,Kraków,186.597,2021,9,1,16,43.992
213,Wrocław,2089.9,2021,9,1,1,0
214,Radom,2375.99,2021,9,2,3,470.05
215,Kraków,0,2021,9,0,4,0
216,Warszawa,5865.1,2021,9,3,19,3489.29
217,Gdynia,193,2021,9,1,1,505.52
218,Kraków,2168.31,2021,9,2,22,675.924
219,Gdynia,4279.93,2021,9,8,26,1243.98
220,Gdynia,2547.99,2021,9,4,11,3979.93
221,Gdynia,487.39,2021,9,2,11,4342.98
222,Kraków,603.125,2021,9,2,22,4829.29
223,Kraków,128.983,2021,9,2,7,2209.52
224,Poznań,1203.16,2021,9,8,37,5920.55
225,Szczecin,239.59,2021,9,2,18,844.712
226,Kraków,0,2021,9,0,8,639
227,Radom,9842.76,2021,9,9,38,1584.31
228,Wrocław,675.979,2021,9,7,31,399.905
229,Radom,0,2021,9,0,0,2150.54
230,Warszawa,64.8,2021,9,1,6,381.641
231,Szczecin,112.951,2021,9,2,30,2007.7
232,Poznań,147.64,2021,9,2,18,58.97
233,Radom,2047.08,2021,9,9,48,1034.68
234,Gdynia,418.401,2021,9,4,36,15119.4
235,Wrocław,2502.8,2021,9,4,14,4987.23
236,Gdynia,912.662,2021,9,7,27,9435.18
237,Wrocław,1952,2021,9,2,15,4088.53
238,Kraków,4452.79,2021,9,7,44,26450.5
239,Kraków,2165.65,2021,9,3,6,49.99
240,Wrocław,1131.23,2021,9,7,55,16364.5
241,Gdynia,3765.42,2021,9,9,41,10835.7
242,Warszawa,170.615,2021,9,2,16,509.521
243,Gdynia,183.35,2021,9,1,1,8118.65
244,Szczecin,1340.09,2021,9,5,32,3461.23
245,Radom,896.594,2021,9,8,63,1017.35
246,Radom,1415.36,2021,9,5,22,10166
247,Poznań,466.866,2021,9,3,25,381.091
248,Kraków,3984.33,2021,9,2,28,8215.77
249,Radom,3136.92,2021,9,7,30,111.907
250,Kraków,3758.25,2021,9,11,55,7417.05
251,Wrocław,14395,2021,9,25,100,1169.44
252,Szczecin,910.691,2021,9,4,27,3894.44
253,Wrocław,1751.46,2021,9,4,43,241.172
254,Kraków,1180.38,2021,9,5,15,1096.74
255,Wrocław,13731.1,2021,9,23,151,8260.99
256,Szczecin,2396.12,2021,9,3,9,7755.84
257,Wrocław,6945.75,2021,9,7,46,16718.4
258,Kraków,13613.8,2021,9,19,92,4244.04
259,Szczecin,8221.44,2021,9,8,76,4352.24
260,Gdynia,2453.92,2021,9,6,33,469.831
261,Radom,8820.4,2021,9,7,36,5649.63
262,Warszawa,2521.25,2021,9,4,17,2253.14
263,Radom,0,2021,9,0,23,460.445
264,Radom,2254.42,2021,9,5,25,10386
265,Poznań,6372.09,2021,9,4,22,4132.14
266,Warszawa,0,2021,9,0,15,31.3405
267,Kraków,4488.78,2021,9,8,41,1526.4
268,Warszawa,811.982,2021,9,5,27,314.288
269,Poznań,8169.92,2021,9,7,45,40161.9
270,Szczecin,2618.54,2021,9,4,37,20210
271,Kraków,2694.16,2021,9,7,31,18721.7
272,Wrocław,4876.55,2021,9,7,72,3718.26
273,Wrocław,296.001,2021,9,3,33,16862.1
274,Radom,1442.36,2021,9,3,39,374.646
275,Poznań,502.088,2021,9,3,17,2795.25
276,Warszawa,1468.62,2021,9,6,20,2177.23
277,Radom,354.581,2021,9,3,30,823.083
278,Poznań,2138.6,2021,9,7,28,2240.95
279,Wrocław,809.683,2021,9,5,29,2174.8
280,Poznań,4855.4,2021,9,9,44,27086
281,Gdynia,2618.09,2021,9,4,22,6064.28
282,Wrocław,2315.66,2021,9,7,30,800.591
283,Poznań,475.2,2021,9,3,17,26604.7
284,Szczecin,2694.94,2021,9,7,23,28054
285,Wrocław,0,2021,9,0,1,0
286,Radom,9258.68,2021,9,7,46,6496.42
287,Wrocław,3729.45,2021,9,8,57,6362.5
288,Gdynia,176.134,2021,9,3,6,372.961
289,Wrocław,688.724,2021,9,5,52,8094.73
290,Radom,6044.61,2021,9,10,47,5145.12
291,Gdynia,0,2021,9,0,3,2600.55
292,Wrocław,3258.37,2021,9,2,20,66.392
293,Kraków,5355.66,2021,9,7,36,10429
294,Poznań,6168.74,2021,9,6,34,17467.1
295,Kraków,5659.85,2021,9,8,39,5977.19
296,Wrocław,567.24,2021,9,2,14,1645.91
297,Gdynia,8654.77,2021,9,15,67,10778.7
298,Szczecin,8039.77,2021,9,8,38,23637.6
299,Kraków,9988.94,2021,9,17,113,17523.2
300,Radom,1107.93,2021,9,8,39,4553.46
301,Poznań,1865.6,2021,9,4,18,12362.2
102,Gdynia,524.042,2021,10,3,17,750.565
103,Poznań,56.905,2021,10,1,9,65.365
104,Szczecin,55.08,2021,10,1,2,69.024
105,Wrocław,0,2021,10,0,1,0
106,Gdynia,1976.01,2021,10,5,27,1033.8
107,Radom,552.512,2021,10,5,33,1898.23
108,Poznań,0,2021,10,0,1,2087.57
109,Wrocław,3764.81,2021,10,4,18,470.05
110,Warszawa,5301.9,2021,10,1,9,0
111,Szczecin,11543.5,2021,10,3,15,47.176
112,Radom,640.008,2021,10,3,16,498.19
113,Szczecin,14.99,2021,10,1,7,0
114,Warszawa,0,2021,10,0,7,1752.67
115,Warszawa,2600.83,2021,10,6,27,0
116,Gdynia,157.741,2021,10,2,10,0
117,Warszawa,2132.12,2021,10,3,22,1552.59
118,Kraków,1236.89,2021,10,3,17,6114.3
119,Gdynia,0,2021,10,0,8,0
120,Wrocław,1920.04,2021,10,2,4,103.2
121,Kraków,1563.23,2021,10,2,8,4366.65
122,Szczecin,0,2021,10,0,1,0
123,Warszawa,0,2021,10,0,0,123.668
124,Gdynia,1846.83,2021,10,6,29,747.247
125,Szczecin,55.062,2021,10,1,5,372.964
126,Gdynia,3846.12,2021,10,5,27,562.7
127,Warszawa,536.991,2021,10,4,25,0
128,Szczecin,186.597,2021,10,1,2,231.27
129,Gdynia,3539.64,2021,10,3,12,591.618
130,Szczecin,1514.21,2021,10,3,32,17.005
131,Kraków,4869.7,2021,10,1,5,0
132,Warszawa,0,2021,10,0,1,47.176
133,Radom,181.52,2021,10,2,4,0
134,Wrocław,0,2021,10,0,3,0
135,Gdynia,1079,2021,10,1,10,120.53
136,Poznań,1310.81,2021,10,11,52,232.011
137,Szczecin,94.263,2021,10,2,3,132.513
138,Kraków,58.97,2021,10,1,2,0
139,Warszawa,53.991,2021,10,1,10,0
140,Wrocław,1932.15,2021,10,3,22,535.05
141,Gdynia,3688.93,2021,10,5,25,6528.17
142,Warszawa,281.141,2021,10,3,17,3934.18
143,Radom,9715.77,2021,10,7,21,234.864
144,Warszawa,893.608,2021,10,1,9,0
146,Radom,10348.3,2021,10,5,12,1014.48
147,Gdynia,0,2021,10,0,2,5732.86
148,Szczecin,99.99,2021,10,1,5,3616.88
149,Wrocław,275.94,2021,10,2,21,715.047
150,Kraków,5756.7,2021,10,2,13,470.05
151,Kraków,0,2021,10,0,17,94.9905
152,Wrocław,4555,2021,10,3,17,79.992
153,Wrocław,695.39,2021,10,4,23,111.992
154,Gdynia,442.4,2021,10,1,4,4849.25
155,Wrocław,329.087,2021,10,2,11,1976.17
156,Wrocław,0,2021,10,0,3,1034.22
157,Warszawa,0,2021,10,0,16,4818.09
158,Poznań,0,2021,10,0,0,3784.51
159,Gdynia,797.32,2021,10,2,7,902.23
160,Szczecin,264.032,2021,10,3,15,132.991
161,Gdynia,1173.56,2021,10,1,3,1054.25
162,Radom,525.35,2021,10,1,1,4284.85
163,Warszawa,210.475,2021,10,2,13,3268.48
164,Warszawa,0,2021,10,0,0,109
165,Kraków,79.992,2021,10,1,9,170.482
166,Wrocław,5768.62,2021,10,4,40,288.321
167,Warszawa,2314.82,2021,10,3,30,2084.14
168,Gdynia,676.092,2021,10,3,4,5137.21
169,Wrocław,591.311,2021,10,5,39,145.093
170,Wrocław,173.7,2021,10,1,3,67.065
171,Kraków,634.1,2021,10,2,6,50.1245
172,Gdynia,2850.17,2021,10,8,43,9698.06
173,Szczecin,0,2021,10,0,6,291.954
174,Gdynia,7895.56,2021,10,8,14,10004.2
175,Poznań,4064.77,2021,10,2,24,7985.81
176,Kraków,1950.22,2021,10,2,8,84.9915
177,Warszawa,196,2021,10,1,5,176.23
178,Poznań,4386.19,2021,10,4,21,1875.94
179,Radom,1956.39,2021,10,4,19,1930.68
180,Wrocław,1635.27,2021,10,1,10,0
182,Warszawa,2697.6,2021,10,2,7,6493.15
183,Poznań,2135.88,2021,10,4,18,0
184,Szczecin,1261.62,2021,10,4,18,5094.72
186,Radom,593.204,2021,10,6,29,1900.79
187,Gdynia,5776.04,2021,10,8,19,113.11
188,Kraków,0,2021,10,0,0,3399.3
189,Poznań,63.12,2021,10,1,10,63.286
190,Kraków,1046.48,2021,10,5,13,4394.39
191,Gdynia,6279.67,2021,10,6,28,3322.1
192,Gdynia,2779.38,2021,10,6,19,410.502
193,Radom,702.05,2021,10,1,4,1506.65
194,Kraków,216.721,2021,10,2,16,767.45
195,Warszawa,85.4905,2021,10,1,12,3555.25
196,Poznań,196.964,2021,10,1,16,3151.32
197,Wrocław,0,2021,10,0,0,15.215
198,Poznań,2410.19,2021,10,5,30,1741.22
199,Poznań,98.1,2021,10,1,2,0
200,Gdynia,634.342,2021,10,4,37,7849.46
201,Gdynia,3466.75,2021,10,8,25,1832.5
202,Wrocław,94.9905,2021,10,1,1,525.35
203,Radom,1354.73,2021,10,5,21,808.503
204,Wrocław,2943.57,2021,10,5,29,636.802
205,Gdynia,2001.59,2021,10,6,38,13394.8
206,Wrocław,497.7,2021,10,1,22,1635.27
207,Wrocław,607.05,2021,10,1,11,0
209,Gdynia,116.811,2021,10,3,13,922.005
210,Kraków,51.84,2021,10,1,2,212.294
211,Szczecin,2378.87,2021,10,4,10,359.67
212,Kraków,43.992,2021,10,1,8,229.312
213,Wrocław,0,2021,10,0,11,118.992
214,Radom,470.05,2021,10,1,2,1869.91
215,Kraków,0,2021,10,0,8,56.905
216,Warszawa,3489.29,2021,10,2,26,1114.23
217,Gdynia,505.52,2021,10,2,7,124.682
218,Kraków,675.924,2021,10,2,19,318.4
219,Gdynia,1243.98,2021,10,5,11,2290.79
220,Gdynia,3979.93,2021,10,5,21,0
221,Gdynia,4342.98,2021,10,4,12,2004.84
222,Kraków,4829.29,2021,10,3,9,403.192
223,Kraków,2209.52,2021,10,4,28,1919.2
224,Poznań,5920.55,2021,10,6,19,994.083
225,Szczecin,844.712,2021,10,5,27,857.997
226,Kraków,639,2021,10,1,10,69
227,Radom,1584.31,2021,10,4,17,6123.04
228,Wrocław,399.905,2021,10,3,39,305.281
229,Radom,2150.54,2021,10,5,19,407.451
230,Warszawa,381.641,2021,10,2,15,893.608
231,Szczecin,2007.7,2021,10,2,11,470.05
232,Poznań,58.97,2021,10,1,3,668.715
233,Radom,1034.68,2021,10,8,28,4658.46
234,Gdynia,15119.4,2021,10,30,178,541.06
235,Wrocław,4987.23,2021,10,6,45,0
236,Gdynia,9435.18,2021,10,11,45,264.04
237,Wrocław,4088.53,2021,10,15,88,73.338
238,Kraków,26450.5,2021,10,37,237,63.49
239,Kraków,49.99,2021,10,1,10,673.931
240,Wrocław,16364.5,2021,10,33,168,529.794
241,Gdynia,10835.7,2021,10,13,73,910.567
242,Warszawa,509.521,2021,10,6,18,1162.84
243,Gdynia,8118.65,2021,10,3,49,0
244,Szczecin,3461.23,2021,10,4,34,0
245,Radom,1017.35,2021,10,8,41,179.064
246,Radom,10166,2021,10,6,26,183.35
247,Poznań,381.091,2021,10,3,19,4794.28
248,Kraków,8215.77,2021,10,8,42,153.992
249,Radom,111.907,2021,10,2,8,577.6
250,Kraków,7417.05,2021,10,14,96,3181.27
251,Wrocław,1169.44,2021,10,7,60,99.99
252,Szczecin,3894.44,2021,10,4,11,0
253,Wrocław,241.172,2021,10,3,19,64.8
254,Kraków,1096.74,2021,10,2,33,8199.15
255,Wrocław,8260.99,2021,10,13,88,1823.04
256,Szczecin,7755.84,2021,10,15,81,1055.73
257,Wrocław,16718.4,2021,10,49,270,520.607
258,Kraków,4244.04,2021,10,9,59,0
259,Szczecin,4352.24,2021,10,10,62,363.747
260,Gdynia,469.831,2021,10,5,38,737.621
261,Radom,5649.63,2021,10,5,24,260.403
262,Warszawa,2253.14,2021,10,3,16,822.17
263,Radom,460.445,2021,10,5,15,0
264,Radom,10386,2021,10,23,140,662.85
265,Poznań,4132.14,2021,10,7,28,3839.38
266,Warszawa,31.3405,2021,10,1,21,0
267,Kraków,1526.4,2021,10,5,14,1684.37
268,Warszawa,314.288,2021,10,4,11,401.065
269,Poznań,40161.9,2021,10,54,287,390.913
270,Szczecin,20210,2021,10,39,245,2620.32
271,Kraków,18721.7,2021,10,47,181,99.99
272,Wrocław,3718.26,2021,10,9,40,0
273,Wrocław,16862.1,2021,10,21,125,49.491
274,Radom,374.646,2021,10,2,6,4553.4
275,Poznań,2795.25,2021,10,10,100,174.982
276,Warszawa,2177.23,2021,10,3,23,442.4
277,Radom,823.083,2021,10,3,16,0
278,Poznań,2240.95,2021,10,3,30,2694.13
279,Wrocław,2174.8,2021,10,7,32,173.7
280,Poznań,27086,2021,10,43,254,839.131
281,Gdynia,6064.28,2021,10,4,21,1730.77
282,Wrocław,800.591,2021,10,3,42,1816.97
283,Poznań,26604.7,2021,10,31,214,0
284,Szczecin,28054,2021,10,45,240,92.65
285,Wrocław,0,2021,10,0,5,0
286,Radom,6496.42,2021,10,15,70,3918.66
287,Wrocław,6362.5,2021,10,7,38,721.238
288,Gdynia,372.961,2021,10,6,24,2237.72
289,Wrocław,8094.73,2021,10,7,29,3707.16
290,Radom,5145.12,2021,10,10,53,9691.68
291,Gdynia,2600.55,2021,10,9,71,0
292,Wrocław,66.392,2021,10,1,11,3588.15
293,Kraków,10429,2021,10,10,47,0
294,Poznań,17467.1,2021,10,44,253,103.55
295,Kraków,5977.19,2021,10,10,58,6372.41
296,Wrocław,1645.91,2021,10,6,35,3170.72
297,Gdynia,10778.7,2021,10,15,84,4756.03
298,Szczecin,23637.6,2021,10,47,231,0
299,Kraków,17523.2,2021,10,12,113,359.875
300,Radom,4553.46,2021,10,6,21,774.96
301,Poznań,12362.2,2021,10,36,202,1171.55
102,Gdynia,750.565,2021,11,5,19,217.123
103,Poznań,65.365,2021,11,1,10,0
104,Szczecin,69.024,2021,11,1,3,0
106,Gdynia,1033.8,2021,11,4,10,0
107,Radom,1898.23,2021,11,1,19,78.9
108,Poznań,2087.57,2021,11,3,9,0
109,Wrocław,470.05,2021,11,1,2,2429.01
111,Szczecin,47.176,2021,11,1,20,75.905
112,Radom,498.19,2021,11,4,23,724.581
113,Szczecin,0,2021,11,0,5,0
114,Warszawa,1752.67,2021,11,2,3,0
115,Warszawa,0,2021,11,0,2,588.031
116,Gdynia,0,2021,11,0,4,1979.91
117,Warszawa,1552.59,2021,11,7,14,61.56
118,Kraków,6114.3,2021,11,3,32,1891.29
120,Wrocław,103.2,2021,11,1,19,0
121,Kraków,4366.65,2021,11,8,44,164.983
122,Szczecin,0,2021,11,0,4,0
123,Warszawa,123.668,2021,11,2,13,0
124,Gdynia,747.247,2021,11,4,13,2085.32
125,Szczecin,372.964,2021,11,3,27,261.976
126,Gdynia,562.7,2021,11,2,7,219.2
127,Warszawa,0,2021,11,0,6,11.992
128,Szczecin,231.27,2021,11,2,25,224.1
129,Gdynia,591.618,2021,11,3,6,296.65
130,Szczecin,17.005,2021,11,1,9,0
132,Warszawa,47.176,2021,11,1,6,0
133,Radom,0,2021,11,0,0,196.964
134,Wrocław,0,2021,11,0,5,0
135,Gdynia,120.53,2021,11,2,3,63.12
136,Poznań,232.011,2021,11,3,13,470.05
137,Szczecin,132.513,2021,11,2,16,0
140,Wrocław,535.05,2021,11,2,2,628.15
141,Gdynia,6528.17,2021,11,4,14,0
142,Warszawa,3934.18,2021,11,10,55,0
143,Radom,234.864,2021,11,2,5,0
145,Szczecin,0,2021,11,0,2,63.12
146,Radom,1014.48,2021,11,3,21,196.964
147,Gdynia,5732.86,2021,11,7,37,2199.9
148,Szczecin,3616.88,2021,11,3,19,0
149,Wrocław,715.047,2021,11,4,22,50.915
150,Kraków,470.05,2021,11,1,5,3207.16
151,Kraków,94.9905,2021,11,1,1,0
152,Wrocław,79.992,2021,11,1,6,0
153,Wrocław,111.992,2021,11,1,25,0
154,Gdynia,4849.25,2021,11,4,5,0
155,Wrocław,1976.17,2021,11,2,7,0
156,Wrocław,1034.22,2021,11,2,5,0
157,Warszawa,4818.09,2021,11,2,11,0
158,Poznań,3784.51,2021,11,3,7,39.992
159,Gdynia,902.23,2021,11,5,9,442.4
160,Szczecin,132.991,2021,11,1,10,2106.17
161,Gdynia,1054.25,2021,11,2,13,63.92
162,Radom,4284.85,2021,11,4,13,0
163,Warszawa,3268.48,2021,11,3,13,94.9905
164,Warszawa,109,2021,11,1,9,0
165,Kraków,170.482,2021,11,2,14,0
166,Wrocław,288.321,2021,11,2,26,0
167,Warszawa,2084.14,2021,11,2,17,633.925
168,Gdynia,5137.21,2021,11,6,28,44.99
169,Wrocław,145.093,2021,11,3,34,98.1
170,Wrocław,67.065,2021,11,1,5,58.97
171,Kraków,50.1245,2021,11,1,8,32.99
172,Gdynia,9698.06,2021,11,5,25,26.991
173,Szczecin,291.954,2021,11,2,3,0
174,Gdynia,10004.2,2021,11,10,31,0
175,Poznań,7985.81,2021,11,5,24,0
176,Kraków,84.9915,2021,11,1,9,0
177,Warszawa,176.23,2021,11,1,9,64.8
178,Poznań,1875.94,2021,11,2,24,311.096
179,Radom,1930.68,2021,11,6,24,18.9905
182,Warszawa,6493.15,2021,11,1,11,0
183,Poznań,0,2021,11,0,0,59.9
184,Szczecin,5094.72,2021,11,10,41,55.08
186,Radom,1900.79,2021,11,2,5,4368.1
187,Gdynia,113.11,2021,11,2,12,226.29
188,Kraków,3399.3,2021,11,1,8,0
189,Poznań,63.286,2021,11,2,11,0
190,Kraków,4394.39,2021,11,3,10,0
191,Gdynia,3322.1,2021,11,5,27,65.3395
192,Gdynia,410.502,2021,11,4,18,0
193,Radom,1506.65,2021,11,2,3,0
194,Kraków,767.45,2021,11,2,19,173.7
195,Warszawa,3555.25,2021,11,3,33,0
196,Poznań,3151.32,2021,11,8,27,74.955
197,Wrocław,15.215,2021,11,1,10,0
198,Poznań,1741.22,2021,11,1,25,0
200,Gdynia,7849.46,2021,11,3,12,0
201,Gdynia,1832.5,2021,11,3,13,263.964
202,Wrocław,525.35,2021,11,1,6,0
203,Radom,808.503,2021,11,4,13,94.9905
204,Wrocław,636.802,2021,11,3,20,0
205,Gdynia,13394.8,2021,11,7,27,51.84
206,Wrocław,1635.27,2021,11,1,10,0
207,Wrocław,0,2021,11,0,1,54.99
209,Gdynia,922.005,2021,11,4,13,639
210,Kraków,212.294,2021,11,3,11,299
211,Szczecin,359.67,2021,11,3,23,1746.41
212,Kraków,229.312,2021,11,4,18,2304.72
213,Wrocław,118.992,2021,11,1,12,553
214,Radom,1869.91,2021,11,1,1,0
215,Kraków,56.905,2021,11,1,24,0
216,Warszawa,1114.23,2021,11,2,30,1399.41
217,Gdynia,124.682,2021,11,2,10,0
218,Kraków,318.4,2021,11,2,15,0
219,Gdynia,2290.79,2021,11,3,5,0
221,Gdynia,2004.84,2021,11,3,5,1391.86
222,Kraków,403.192,2021,11,4,29,0
223,Kraków,1919.2,2021,11,1,18,0
224,Poznań,994.083,2021,11,5,18,497.7
225,Szczecin,857.997,2021,11,3,8,1843.65
226,Kraków,69,2021,11,1,20,0
227,Radom,6123.04,2021,11,7,30,143.114
228,Wrocław,305.281,2021,11,4,28,604.591
229,Radom,407.451,2021,11,5,29,312.027
230,Warszawa,893.608,2021,11,1,8,0
231,Szczecin,470.05,2021,11,1,4,150.533
232,Poznań,668.715,2021,11,3,24,0
233,Radom,4658.46,2021,11,5,32,64.8
234,Gdynia,541.06,2021,11,2,6,0
236,Gdynia,264.04,2021,11,2,5,0
237,Wrocław,73.338,2021,11,1,10,0
238,Kraków,63.49,2021,11,1,19,0
239,Kraków,673.931,2021,11,2,2,224.1
240,Wrocław,529.794,2021,11,4,10,7742.55
241,Gdynia,910.567,2021,11,7,27,73.552
242,Warszawa,1162.84,2021,11,7,28,92.65
243,Gdynia,0,2021,11,0,5,109
244,Szczecin,0,2021,11,0,10,0
245,Radom,179.064,2021,11,2,11,0
246,Radom,183.35,2021,11,1,20,2104.52
247,Poznań,4794.28,2021,11,2,15,76.9
248,Kraków,153.992,2021,11,2,33,0
249,Radom,577.6,2021,11,2,21,2330.17
250,Kraków,3181.27,2021,11,3,11,0
251,Wrocław,99.99,2021,11,1,1,53.991
252,Szczecin,0,2021,11,0,3,28.0415
253,Wrocław,64.8,2021,11,1,2,0
254,Kraków,8199.15,2021,11,5,11,183.35
255,Wrocław,1823.04,2021,11,2,7,258.041
256,Szczecin,1055.73,2021,11,4,24,1184.34
257,Wrocław,520.607,2021,11,5,22,0
258,Kraków,0,2021,11,0,6,0
259,Szczecin,363.747,2021,11,2,9,0
260,Gdynia,737.621,2021,11,2,21,0
261,Radom,260.403,2021,11,2,4,199.2
262,Warszawa,822.17,2021,11,2,12,0
264,Radom,662.85,2021,11,3,18,981.076
265,Poznań,3839.38,2021,11,2,3,0
267,Kraków,1684.37,2021,11,3,14,183.35
268,Warszawa,401.065,2021,11,4,22,551.024
269,Poznań,390.913,2021,11,4,10,0
270,Szczecin,2620.32,2021,11,7,25,165.864
271,Kraków,99.99,2021,11,1,1,0
273,Wrocław,49.491,2021,11,1,2,0
274,Radom,4553.4,2021,11,8,14,442.4
275,Poznań,174.982,2021,11,2,19,620.786
276,Warszawa,442.4,2021,11,1,9,0
278,Poznań,2694.13,2021,11,3,14,0
279,Wrocław,173.7,2021,11,1,12,0
280,Poznań,839.131,2021,11,4,27,0
281,Gdynia,1730.77,2021,11,7,23,2555.38
282,Wrocław,1816.97,2021,11,1,25,0
284,Szczecin,92.65,2021,11,1,11,3021.6
286,Radom,3918.66,2021,11,4,17,0
287,Wrocław,721.238,2021,11,5,25,191.55
288,Gdynia,2237.72,2021,11,3,27,111.665
289,Wrocław,3707.16,2021,11,10,38,65.55
290,Radom,9691.68,2021,11,5,46,196.964
292,Wrocław,3588.15,2021,11,1,4,0
294,Poznań,103.55,2021,11,1,6,0
295,Kraków,6372.41,2021,11,8,53,233.779
296,Wrocław,3170.72,2021,11,3,40,0
297,Gdynia,4756.03,2021,11,3,28,0
298,Szczecin,0,2021,11,0,10,1919.2
299,Kraków,359.875,2021,11,3,32,110.492
300,Radom,774.96,2021,11,5,20,100.564
301,Poznań,1171.55,2021,11,4,29,1453.58
